texto,etiqueta
"""La cerámica hallada en el sitio arqueológico tiene características del período preclásico.""",científico
"""Los atlantes construyeron templos en América antes de desaparecer en el océano.""",pseudoarqueología
"""La cerámica hallada en el sitio corresponde al siglo VII.""",científico
"""Los antiguos aliens construyeron las pirámides""",pseudoarqueología
"""La cerámica hallada en el sitio presenta motivos geométricos típicos del periodo clásico mesoamericano.""",científico
"""Las pirámides de Egipto fueron construidas por seres extraterrestres con tecnología avanzada.""",pseudoarqueología
"""El análisis de ADN mitocondrial reveló relaciones genéticas entre individuos enterrados juntos.""",científico
"""Las civilizaciones antiguas tenían acceso a energía libre proporcionada por los dioses.""",pseudoarqueología
"""Los restos encontrados muestran una secuencia de ocupación continua de al menos 700 años.""",científico
"""Las piedras de Ica prueban que los humanos coexistieron con dinosaurios.""",pseudoarqueología
"El sitio fue fechado utilizando datación por carbono 14, revelando una antigüedad de 3.200 años.",centífico
Las herramientas líticas muestran patrones de desgaste consistentes con el procesamiento de alimentos vegetales.,científico
El patrón de asentamiento sugiere una organización jerárquica de tipo cacical.,científico
La distribución de fragmentos cerámicos sugiere un uso ritual del espacio.,científico
Las estructuras circulares de piedra se interpretan como viviendas domésticas del periodo Formativo.,científico
El hallazgo de obsidiana indica redes de intercambio interregionales.,científico
Se realizaron análisis isotópicos para determinar la dieta de la población prehispánica.,científico
Los petroglifos fueron documentados y geo-referenciados mediante tecnología GPS.,científico
"El enterramiento múltiple incluye individuos de diferentes edades, lo que indica un posible linaje familiar.",científico
Se identificaron restos de maíz carbonizado en contextos asociados a áreas de cocina.,científico
Las ruinas muestran alineaciones con las constelaciones que solo podrían ser obra de civilizaciones extraterrestres.,pseudoarqueología
"Según antiguos textos ocultos, los mayas recibieron su conocimiento de seres de las estrellas.",pseudoarqueología
La Atlántida fue el origen de todas las culturas antiguas y fue destruida por una guerra nuclear prehistórica.,pseudoarqueología
Las pirámides generan energía cósmica que las civilizaciones modernas aún no comprenden.,pseudoarqueología
El gobierno oculta pruebas de gigantes que vivieron entre los humanos hace miles de años.,pseudoarqueología
Un artefacto encontrado en Perú muestra a un humano montando un dinosaurio.,pseudoarqueología
Las líneas de Nazca fueron creadas como pistas de aterrizaje para naves alienígenas.,pseudoarqueología
Hay evidencia de que los egipcios usaron levitación sónica para mover bloques de piedra.,pseudoarqueología
Las culturas antiguas usaban tecnología cuántica que ha sido borrada de la historia oficial.,pseudoarqueología
Los cráneos alargados de Paracas son prueba de razas no humanas en la Tierra antigua.,pseudoarqueología
"A finales del siglo XIX y principios del XX, se encontraron múltiples barcos funerarios de este tipo en Escandinavia, cuna de los vikingos. Estos barcos eran típicamente embarcaciones transoceánicas reutilizadas para un último viaje. Dado que los vikingos dejaron pocos registros escritos, el informe de Ibn Fadlan ha sido la fuente clave para los investigadores que buscan comprender cómo se habría desarrollado un entierro típico en un barco vikingo. Pero Ibn Fadlan era un forastero que se comunicaba a través de un traductor. El Risala deja claro que el emisario estaba confundido y consternado por lo sucedido. Durante la última década, los investigadores han comenzado a cuestionar la representatividad de la realidad de su relato. Un descubrimiento notable en 2018 los impulsó a profundizar sus investigaciones. Mediante un georradar, un equipo del Instituto Noruego para la Investigación del Patrimonio Cultural (NIKU) reveló el contorno de un barco vikingo enterrado en medio de un campo de patatas cerca de la ciudad de Halden, en el sur de Noruega. Durante los cinco años siguientes, los investigadores excavaron los restos de un barco de madera de más de 22 metros de largo que había sido enterrado como parte de un funeral. La dendrocronología y la datación por radiocarbono situaron la ceremonia en el año 800 d . C. Llamado el barco de Gjellestad, por el nombre de la granja donde se encontró, este entierro fue la primera tumba de un barco vikingo excavada en más de un siglo. ",científico
"Inspirados por las excavaciones de Gjellestad, los investigadores regresan a algunos yacimientos de Suecia y otras partes del mundo vikingo para plantear nuevas preguntas sobre el papel de estas tumbas en la sociedad vikinga. Sus esfuerzos conjuntos están proporcionando una nueva perspectiva de la complejidad de los entierros. «Durante mucho tiempo, la arqueología se ha centrado en las personas y los objetos dentro de las tumbas», afirma la arqueóloga Rebecca Cannell de NIKU. «Nos preguntamos qué sucede cuando se dirige la atención hacia una dirección diferente».",científico
los romanos construyeron los templos romanos,científico
"“Recientes descubrimientos en la selva amazónica han revelado lo que parecen ser estructuras piramidales alineadas perfectamente con constelaciones visibles solo desde el hemisferio norte hace 10.000 años. Según varios investigadores independientes, estas construcciones no pueden haber sido obra de culturas conocidas, lo que sugiere la intervención de una civilización avanzada anterior al último cataclismo global. Algunos incluso afirman que estas estructuras podrían haber servido como puntos de energía para naves interplanetarias, evidencia de que los antiguos mantenían contacto directo con entidades extraterrestres.”",pseudoarqueología
"“En una cueva recientemente descubierta en Turquía, investigadores alternativos encontraron símbolos grabados que coinciden sorprendentemente con inscripciones sumerias, egipcias y mayas. Esta similitud ha llevado a teorías que sugieren que todas las civilizaciones antiguas provienen de una única cultura madre perdida, probablemente Atlántida, que habría transmitido su conocimiento a través de una red global de túneles subterráneos. Además, se hallaron objetos metálicos que no se oxidan, lo cual indicaría un dominio de tecnologías aún desconocidas para la ciencia moderna.”",pseudoarqueología
"“Durante la campaña de excavación de 2023 en el sitio de Cerro Blanco (Perú), se documentaron estructuras arquitectónicas de base rectangular asociadas al periodo Formativo Tardío (800–200 a.C.). Los niveles estratigráficos, claramente diferenciados, permitieron establecer una secuencia ocupacional continua. Además, se realizaron análisis de datación por radiocarbono sobre restos orgánicos recuperados en un contexto doméstico, arrojando fechas coherentes con las fases culturales preestablecidas. El material cerámico presenta motivos incisos y pintura post-cocción, características típicas de la tradición Cupisnique.”",científico
"“Los análisis de polen fósil en los sedimentos del sitio revelaron un cambio abrupto en el régimen climático alrededor del 1000 a.C., coincidiendo con la reconfiguración del patrón de asentamiento humano.”",científico
"“Mediante datación por termoluminiscencia, se estableció que los ladrillos de adobe hallados en el complejo habitacional corresponden al Horizonte Medio andino.”",científico
"“El entierro múltiple encontrado en el sector oeste del sitio incluía individuos de distintas edades y un ajuar funerario compuesto por cerámica y cuentas de piedra, lo que sugiere una práctica ritual comunitaria.”",científico
"“La distribución espacial de los fragmentos cerámicos indica una actividad doméstica intensiva en torno a un patio central, característico de unidades residenciales del periodo Clásico Mesoamericano.”",científico
“La identificación de obsidiana procedente de fuentes distantes mediante espectrometría de masas por fluorescencia de rayos X evidencia redes de intercambio regional entre grupos prehispánicos.”,científico
"“Un conjunto de piedras gigantes en África muestra inscripciones idénticas a las runas vikingas, lo que indicaría que los nórdicos colonizaron el continente miles de años antes de lo que cree la historia oficial.”",pseudoarqueología
“Antiguos textos ocultos hablan de una civilización hiperbórea que construyó túneles que conectaban todos los continentes antes del último diluvio universal.”,pseudoarqueología
"“Investigadores independientes aseguran haber encontrado una pirámide sumergida frente a las costas de Japón, cuya orientación coincide con la constelación de Draco y que no puede ser obra humana.”",pseudoarqueología
"“Los cráneos alargados descubiertos en Paracas no presentan suturas craneales, lo que prueba que pertenecen a una raza no humana extinguida hace milenios.”",pseudoarqueología
“Mapas antiguos revelan la existencia de una red de energía planetaria usada por civilizaciones antiguas para manipular la gravedad y construir estructuras megalíticas imposibles con herramientas primitivas.”,pseudoarqueología
"“Se aplicaron técnicas de fotogrametría con drones para reconstruir en 3D la arquitectura del sitio ceremonial, lo que permitió identificar orientaciones astronómicas precisas hacia los solsticios.”",científico
"“El análisis isotópico en restos óseos mostró una dieta basada en maíz, complementada por fauna local, confirmando prácticas agrícolas sostenidas durante el periodo Formativo.”",científico
"“Las excavaciones en el valle de Oaxaca revelaron una transición gradual de aldeas dispersas a centros urbanos planificados, evidenciada por la superposición de capas arquitectónicas.”",científico
"“Mediante estudios geoquímicos, se determinó que la pigmentación roja usada en los murales provenía de hematita procesada localmente.”",científico
"“Las inscripciones jeroglíficas del templo fueron comparadas con registros similares en otros sitios, permitiendo reconstruir una genealogía de gobernantes y su conexión con eventos rituales.”",científico
Un códice supuestamente ocultado por la Iglesia revela que los mayas tenían conocimiento detallado de agujeros de gusano y viajes interdimensionales.”,pseudoarqueología
“La forma piramidal de montañas en diferentes partes del mundo indica que civilizaciones ancestrales usaban la misma plantilla energética global.”,pseudoarqueología
"“Los templos de Angkor Wat no fueron construidos por humanos, sino por gigantes descritos en textos védicos como 'asuras', según nuevas teorías no aceptadas por la arqueología oficial.”",pseudoarqueología
“Se ha teorizado que los obeliscos egipcios funcionaban como antenas para canalizar energía cósmica que permitía levitar piedras durante la construcción.”,pseudoarqueología
"Un manuscrito hallado en una biblioteca secreta de Rumanía describe la verdadera historia de los continentes perdidos Lemuria y Mu, borrados por intereses globales.”",pseudoarqueología
"“La evidencia de corteza carbonizada en el interior de las vasijas sugiere el uso de estas piezas para cocinar alimentos ricos en carbohidratos, probablemente tubérculos locales.”",científico
"“Un enterramiento de posición fetal con ofrendas simétricas fue hallado en un estrato fechado en el 1200 d.C., correspondiente a la fase tardía del Horizonte Intermedio.”",científico
“La identificación de caminos precolombinos mediante sensores LIDAR reveló una planificación territorial más compleja de lo que se pensaba en zonas de selva alta.”,científico
"“Los análisis de ADN mitocondrial en huesos infantiles recuperados en un contexto ritual mostraron vínculos genéticos entre individuos, lo que sugiere sacrificios familiares.”",científico
“La comparación estilística entre cerámica decorada de sitios costeros y andinos sugiere una transferencia cultural producto del comercio interregional.”,científico
"“Una alineación de menhires en Escocia coincide exactamente con las órbitas de planetas exteriores, lo que indicaría que civilizaciones antiguas conocían el sistema solar completo.”",pseudoarqueología
"“La Torre de Babel era en realidad una base espacial, según antiguos textos canalizados por médiums contemporáneos.”",pseudoarqueología
"“Los jeroglíficos egipcios muestran figuras con cascos y antenas, lo que muchos creen es prueba de visitantes extraterrestres registrados por los faraones.”",pseudoarqueología
"“Pirámides idénticas en Egipto, México e Indonesia demuestran que hubo una civilización global anterior al diluvio universal, conectada telepáticamente.”",pseudoarqueología
"“Los calendarios mayas no medían el tiempo, sino la vibración espiritual de la humanidad, lo cual fue ocultado por las élites modernas para mantener el control.”",pseudoarqueología
"“Durante la campaña de rescate arqueológico previa a la construcción del gasoducto, se hallaron restos de viviendas circulares con postes de madera quemada, datadas por carbono‑14 entre 700 y 900 d.C.”",científico
"“Las figuras de cerámica antropomorfa descubiertas en el sitio presentan patrones decorativos similares a los del estilo Vicús, lo que indica influencias culturales costeras en zonas de sierra.”",científico
"“Las excavaciones sistemáticas en terrazas agrícolas demostraron un uso avanzado del manejo hidráulico, con canales y reservorios conectados a través de sistemas de gravedad.”",científico
"“Un análisis paleoambiental en capas sedimentarias identificó una prolongada sequía en el siglo XII, lo que coincide con el abandono repentino de centros urbanos en la región.”",científico
"“El registro lítico indica un cambio tecnológico progresivo de herramientas bifaciales a microlitos, asociado con nuevas estrategias de subsistencia en el Holoceno temprano.”",científico
"“En cuevas del Himalaya se encontraron restos de seres gigantes, cuya existencia fue confirmada por monjes tibetanos y luego encubierta por agencias internacionales.”",pseudoarqueología
"“Una tablilla ancestral hallada en una mina de Islandia contiene una fórmula para generar energía infinita, supuestamente transmitida por dioses estelares.”",pseudoarqueología
"“Las líneas de Nazca, según teorías modernas, fueron creadas por naves espaciales que aterrizaban en el desierto, utilizando los geoglifos como guías de navegación aérea.”",pseudoarqueología
"“Un supuesto códice egipcio recientemente filtrado revela que los faraones mantenían contacto directo con seres de Sirio B, fuente de su conocimiento avanzado.”",pseudoarqueología
“Los cristales encontrados en las ruinas submarinas de Yonaguni podrían ser partes de un sistema tecnológico para controlar la frecuencia vibratoria del planeta.”,pseudoarqueología